id,public_key
1,"-----BEGIN PUBLIC KEY-----
MHYwEAYHKoZIzj0CAQYFK4EEACIDYgAEdBDQ9rinQ7VX52hoAiJz98ox/A6h1r4a
2Ut8sf7SVmw9sozdj1Hrwb/NjiC9TkoKMCk3nDrK3MP6vX8CNQyGou+yz7T+E4vf
eqcfXseZoz/5bCmSg8dKKrthsvdlt+aW
-----END PUBLIC KEY-----
"
2,"-----BEGIN PUBLIC KEY-----
MHYwEAYHKoZIzj0CAQYFK4EEACIDYgAE4y5N4bknPcp+ELQMpYys34umfUEiU+Vm
ZHC/4zNBuR0EU2QMTpHv+6JmT1ujuY4iZ+97yKKfJb0fyz8Xx9Mn/55fjXYeUk/j
KAHWNxfw7lI94LenkE0amawMpY/4m9V2
-----END PUBLIC KEY-----
"
3,"-----BEGIN PUBLIC KEY-----
MHYwEAYHKoZIzj0CAQYFK4EEACIDYgAE7zs0Er8U5p7bYyMthLkH3qZpl2oeztlg
0cE5ERic5JChocXFgQk+1fz+oQHVuBNn/+O+Bdus0X9yW6tSpaN1L0ygF7S39/Jn
ya2iuEj2WCqcMRAhzsMwce+V9OW46jIb
-----END PUBLIC KEY-----
"
4,"-----BEGIN PUBLIC KEY-----
MHYwEAYHKoZIzj0CAQYFK4EEACIDYgAElm1nkx2vHpDLmRGR+c6ofgv7DFTHR6I9
/ow9YkIq9FIDSqUtxcGp7Ncxq6oKjgmmQDHY8Hyv9MrYcBB6Qpxq7DP488oT8OZ3
9sXuoVzmb6SsD9LB4wDyOYL9ETdQ5jDo
-----END PUBLIC KEY-----
"
5,"-----BEGIN PUBLIC KEY-----
MFkwEwYHKoZIzj0CAQYIKoZIzj0DAQcDQgAEob7X3Cv6uBGfSKgEeoKC/LwUBGv+
wlJKX7XdhehPIb+IBHY7yB0vIyvOmDdFzIRxilDZBi4XL7OTBHg/eUbrgQ==
-----END PUBLIC KEY-----
"
6,"-----BEGIN PUBLIC KEY-----
MFkwEwYHKoZIzj0CAQYIKoZIzj0DAQcDQgAErq4i0oh45477JqkCuBYdXLhvltCv
MK6xTrqDn8TyjEaCjt93vqR3RyPdHyLUVSdSrTrmzDrQdyes2dkXe7Pqhg==
-----END PUBLIC KEY-----
"
7,"-----BEGIN PUBLIC KEY-----
MFkwEwYHKoZIzj0CAQYIKoZIzj0DAQcDQgAEWlbh8baxglDRM6oBP9CuWcVE1y6k
UxWfmJmKuLkUDu48R+nmUluXvwZttAlbReV3+YBsg3abhUnwkD2SOBjgeg==
-----END PUBLIC KEY-----
"
8,"-----BEGIN PUBLIC KEY-----
MFkwEwYHKoZIzj0CAQYIKoZIzj0DAQcDQgAEJDxrxN6Me/HHou/mjoXjQVftZF0A
pz56BxGJ5wIoqdfHfUgJxsliSP32VdA6lBIqOAvFtT1ljxE5qbAX4BouiQ==
-----END PUBLIC KEY-----
"
9,"-----BEGIN PUBLIC KEY-----
MFkwEwYHKoZIzj0CAQYIKoZIzj0DAQcDQgAEaGy8csZSbra/gBfp4mKJe5JFujyB
0jGCUGOfO2gu68DSDe+pm/524GJrtNJuqAE67FHdLaXAnk6CuB29WBjrhA==
-----END PUBLIC KEY-----
"
10,"-----BEGIN PUBLIC KEY-----
MFkwEwYHKoZIzj0CAQYIKoZIzj0DAQcDQgAEDJXyRpRAl7HfEdzv+mdy+Isbo0kn
58Few4pWWSWVBZ1w5ouvb6ckm5MzmaDQbju85F9IJxIJVPGOHCpeuB69QQ==
-----END PUBLIC KEY-----
"
11,"-----BEGIN PUBLIC KEY-----
MFkwEwYHKoZIzj0CAQYIKoZIzj0DAQcDQgAEqv/4izURyDNCHxE7Hdvtdmp/le9+
OfUMF6kcdySda8d0RfChEtloHtq9yIvX2eVuwgBwooN3HOQKIUGEd6Desw==
-----END PUBLIC KEY-----
"
12,"-----BEGIN PUBLIC KEY-----
MFkwEwYHKoZIzj0CAQYIKoZIzj0DAQcDQgAEz0SV+09HTrq6KCcEPguQYgiTZ9jv
7Rc0rL795oUFxkqhFTuFl97QnekglT2KwDHnywKVaarQXDkfSmpBxR0+wQ==
-----END PUBLIC KEY-----
"
13,"-----BEGIN PUBLIC KEY-----
MFkwEwYHKoZIzj0CAQYIKoZIzj0DAQcDQgAE7XoDd5XQ7ZLyOtJ/O9Y0neirV6t2
/eySQ0rmgnN2zO/QfJsP8BYggbzdinOcB+aDxkxhjHN6KQ289FlDwjRV5w==
-----END PUBLIC KEY-----
"
14,"-----BEGIN PUBLIC KEY-----
MFkwEwYHKoZIzj0CAQYIKoZIzj0DAQcDQgAEYPYbZBfZEBNo+G1nTkgDe0iGRfol
vzWgK4oDZF+8XNhftAIpK4mwlq8602sB8jOkmOZ7CezT10+hiiau+Whw7A==
-----END PUBLIC KEY-----
"
15,"-----BEGIN PUBLIC KEY-----
MFkwEwYHKoZIzj0CAQYIKoZIzj0DAQcDQgAEFsciqNOoWmTSLJTL6fgxNJYNTqyB
FQqdo16RmyD9aUTqiEon7WUvRSHrueC97gcJ49P6C7DVPnInuu9KVlSwyQ==
-----END PUBLIC KEY-----
"
16,"-----BEGIN PUBLIC KEY-----
MFkwEwYHKoZIzj0CAQYIKoZIzj0DAQcDQgAEOr4pgY4xkEWuJK1uomD/X4qp4S2C
8wlRv+tO6qcbh605pGKTt/PPmO/OlK+jRvY+asQsD467ohyWse9/2QVerg==
-----END PUBLIC KEY-----
"
17,"-----BEGIN PUBLIC KEY-----
MFkwEwYHKoZIzj0CAQYIKoZIzj0DAQcDQgAE2Zxep8g7+XowbfHuEwozV0HiWWJr
cdBR9637zw8CD0Ws9Q1PoR4GVsZuXeLIhztioVG0uRMqpaKvQDJpuqbZ8Q==
-----END PUBLIC KEY-----
"
18,"-----BEGIN PUBLIC KEY-----
MFkwEwYHKoZIzj0CAQYIKoZIzj0DAQcDQgAEyRu8h/fUlvSDwyv8qMvE05hGBzi+
lkPm8d4Wd25bdiulAeaMiG9lk/V/jm642K1RO/LoBphwtNYMmJa4L1fxeA==
-----END PUBLIC KEY-----
"
19,"-----BEGIN PUBLIC KEY-----
MFkwEwYHKoZIzj0CAQYIKoZIzj0DAQcDQgAE6F17FJXK/fWM2NpWpAmd4hEA2BaO
E0ZV2IuuMR0166OkXOtCP9B0POS3M5RKOVStKtGGYC4HWav1sj2EdrTVuw==
-----END PUBLIC KEY-----
"
20,"-----BEGIN PUBLIC KEY-----
MFkwEwYHKoZIzj0CAQYIKoZIzj0DAQcDQgAEeNEUdNSPlrg0tSbAXapBFKIBUVin
raOHED4tEQLVuCesjbP6CGbJ94GwoGyiFAjBci2cQhvjz1rr7pVX34G80Q==
-----END PUBLIC KEY-----
"
21,"-----BEGIN PUBLIC KEY-----
MFkwEwYHKoZIzj0CAQYIKoZIzj0DAQcDQgAERVWka/XZ7g289a8y5uzOuLF87HJy
qkSU/W8vSfioT/rDGUw+rV/idUMlUOBaCqwl/4nqWRhjbSgjVg+GohE9Uw==
-----END PUBLIC KEY-----
"
22,"-----BEGIN PUBLIC KEY-----
MFkwEwYHKoZIzj0CAQYIKoZIzj0DAQcDQgAErJt39xZih0ox5w2TPkTI7x5qXmde
K1pMrCNwLsJS6TY5HusWMPEzUoqD7eIfYeZ+RAideRZOWNuFmlaLSo+bPA==
-----END PUBLIC KEY-----
"
23,"-----BEGIN PUBLIC KEY-----
MFkwEwYHKoZIzj0CAQYIKoZIzj0DAQcDQgAEede6IHPLDoUoI6PZVjwIaGiiuBYG
edQxyQdjtEBU6B0wxJFpZHfpgEu5kjI8+mE+o1PqhqYxzCWIQE/9fsIHNQ==
-----END PUBLIC KEY-----
"
24,"-----BEGIN PUBLIC KEY-----
MFkwEwYHKoZIzj0CAQYIKoZIzj0DAQcDQgAEwTHJ79UCjZ8u/6f7EyD5zuXFeNCv
grXH7RtBxtskEDrj1cWYlnlvM9ZR+cbw3QDLvgxPaSH+vqXD9rZWmkn06A==
-----END PUBLIC KEY-----
"
25,"-----BEGIN PUBLIC KEY-----
MFkwEwYHKoZIzj0CAQYIKoZIzj0DAQcDQgAEJq/ekXdfjb5v/Ovh72O6iR8nuB2c
hJrtr1PcQHcBI5Y3MKgT80IaKNigP9xBqeAFqPmHeQvZm0awWTSOzRpYAQ==
-----END PUBLIC KEY-----
"
26,"-----BEGIN PUBLIC KEY-----
MFkwEwYHKoZIzj0CAQYIKoZIzj0DAQcDQgAEYFBJJyPROgB+bzO/Tu//c85Ixc85
cq/S3+hj02IrMldvQyvlsEtvApT/vn7GTTLi5DkZUma2RQArIT3aHHr5lQ==
-----END PUBLIC KEY-----
"
27,"-----BEGIN PUBLIC KEY-----
MFkwEwYHKoZIzj0CAQYIKoZIzj0DAQcDQgAEXjnYhDDWVycIDYMsWVFcznAkf9zV
3jL0+zkjn2lo+pjaVdChkVb6liregutTU6epyan+RtPxL7paFXPMbOi40g==
-----END PUBLIC KEY-----
"
28,"-----BEGIN PUBLIC KEY-----
MFkwEwYHKoZIzj0CAQYIKoZIzj0DAQcDQgAEY18BlDLUu0l4u+vQVQIbpmIOndtn
kx4FJn4U0lEApLQVYBUIKJb7bJYSXR5x576UXHe/N2kFFBqt73CM4eJJ/Q==
-----END PUBLIC KEY-----
"
29,"-----BEGIN PUBLIC KEY-----
MFkwEwYHKoZIzj0CAQYIKoZIzj0DAQcDQgAEu0A3dU8qn9f7D6mBmKJMm5ra0UG+
4V8iG4ZEDV0Nq7OubQpsltU5xuEyrzrrCHfv46wWQKtyGXv8L6cMZolPPg==
-----END PUBLIC KEY-----
"
30,"-----BEGIN PUBLIC KEY-----
MFkwEwYHKoZIzj0CAQYIKoZIzj0DAQcDQgAEFOzh7uCmGovxeCt1QWAat9588iX1
oKhU+x9nqSl8IxUh87zCaBFtZjkHRWskqYgX1kHt9Yixxpbe6dBjY0/Rpw==
-----END PUBLIC KEY-----
"
31,"-----BEGIN PUBLIC KEY-----
MFkwEwYHKoZIzj0CAQYIKoZIzj0DAQcDQgAEdBR8nL0KWm69Z0JtUahja5K5lcKm
p0qd6yYJ0WGiwnZiqj5Mfid10e8TUB/WWoB/kgA3KWxFeo/NRfXM6rcZfg==
-----END PUBLIC KEY-----
"
32,"-----BEGIN PUBLIC KEY-----
MFkwEwYHKoZIzj0CAQYIKoZIzj0DAQcDQgAEpAOpmvTtyKpeLqbTZS3vyjn6YfYw
7RwKOwd9wg2mub4/KEYsiXqSyE4ULgM35X9Nyv9ZOGZEPozAkEljjuaEoQ==
-----END PUBLIC KEY-----
"
33,"-----BEGIN PUBLIC KEY-----
MFkwEwYHKoZIzj0CAQYIKoZIzj0DAQcDQgAEn1KOuZIpTFp9LZbupeUmnpqSbI3o
rTQwBaM8Yy+IWLI5UnxXJ/iKZE57ExMEj7XadFBX2d1pattVOdimjF+pMQ==
-----END PUBLIC KEY-----
"
34,"-----BEGIN PUBLIC KEY-----
MFkwEwYHKoZIzj0CAQYIKoZIzj0DAQcDQgAEymjCUrVKLnmin9o2yfWfUezErBce
NWY4ksIs+HReMVKjABOegnBw2e7esQTKcKnpmXecxtN5slEwwJj2O4UEnA==
-----END PUBLIC KEY-----
"
35,"-----BEGIN PUBLIC KEY-----
MFkwEwYHKoZIzj0CAQYIKoZIzj0DAQcDQgAExpzUseLPYiDcgEB9K+Tko9NT6XT0
lPa4WbvJ1TnyyDApv88u2wZwF6A/KfbaEZwXQmONpo8LKn3ez3VDgPWDlg==
-----END PUBLIC KEY-----
"
36,"-----BEGIN PUBLIC KEY-----
MFkwEwYHKoZIzj0CAQYIKoZIzj0DAQcDQgAEX1kigUUwLjdXQSpTU82EF42AQzi3
PDreGftQ98k7+eT33vOOr70Tg5eUHGQEP6ouWDfp3/LVq5x5ePdqnUR5Eg==
-----END PUBLIC KEY-----
"
37,"-----BEGIN PUBLIC KEY-----
MFkwEwYHKoZIzj0CAQYIKoZIzj0DAQcDQgAEYDjLZy8H9GJZq7SgBQmNREBLZcTd
7nhkQB2OwEzCpz6hYQQcsYmPJGhThhXhKSmac7v1w5ST5TAVz2AxDRWSIQ==
-----END PUBLIC KEY-----
"
38,"-----BEGIN PUBLIC KEY-----
MFkwEwYHKoZIzj0CAQYIKoZIzj0DAQcDQgAEfAjuY9IZxT9VhTSvUswlq2jHERs2
LxYl55ok10wSH1NCgHlXf8cDasDOkuYkXE5PcbeuhMBPVQpVrNdN18ziOg==
-----END PUBLIC KEY-----
"
39,"-----BEGIN PUBLIC KEY-----
MFkwEwYHKoZIzj0CAQYIKoZIzj0DAQcDQgAEQ9wOds+lfu7cIzLCYymgXCenTP8M
Ast1ZNnuZocLM6qyskTCATshIx2SufgzJGaP0AoVwbvsigpCsDk+NCtp3g==
-----END PUBLIC KEY-----
"
40,"-----BEGIN PUBLIC KEY-----
MFkwEwYHKoZIzj0CAQYIKoZIzj0DAQcDQgAEJCBRyxZ60DCIzz5drt7cAHLBnUIv
OrWNPIIlhwf43lUvqMRpyZIGTXfxvCLjUuCvb/QpCmX5fM5YwGUQuF7tBg==
-----END PUBLIC KEY-----
"
41,"-----BEGIN PUBLIC KEY-----
MFkwEwYHKoZIzj0CAQYIKoZIzj0DAQcDQgAE2HOYetBDnwDlCjnmuEdqBOuSfAIL
L5oDYs9Po7mnfEaJB9GSDBt7PIHn0iwk7Xm2UpMF17+Xzrx6kbvm3yui/A==
-----END PUBLIC KEY-----
"
42,"-----BEGIN PUBLIC KEY-----
MFkwEwYHKoZIzj0CAQYIKoZIzj0DAQcDQgAEImfKiEwH44ZIFSM85FedgI4T5m/2
XG+74NHpflAsGiD2+kcdybKhOmzNS+BGYWjl71wQMtXeZYMBFTL6HivuEw==
-----END PUBLIC KEY-----
"
43,"-----BEGIN PUBLIC KEY-----
MFkwEwYHKoZIzj0CAQYIKoZIzj0DAQcDQgAEqepE2S5bqSxf7GJNLJbyMEPNR31a
1t1TzdytMeq2siNEPIBIIOKPu8Kpbjh8ErjtXIloh23fgn5HUgN6BK7TOg==
-----END PUBLIC KEY-----
"
44,"-----BEGIN PUBLIC KEY-----
MFkwEwYHKoZIzj0CAQYIKoZIzj0DAQcDQgAEuZ8+E7jJAWDY5HOrEOy4+HLYDkV/
6hr3TBSM2YPmQmXTrGmGEc/SLXZn6DvoP8anWa6PBakiH4PKtLcISKlS2g==
-----END PUBLIC KEY-----
"
45,"-----BEGIN PUBLIC KEY-----
MFkwEwYHKoZIzj0CAQYIKoZIzj0DAQcDQgAElWn6gHyNDZ/u7IFWXwtEyzRSHV0H
E4O2q9oTYfqIkghbmn9iNRXpiw7+HB7PJDeNv783A34RF41EMb3lCbSlaA==
-----END PUBLIC KEY-----
"
46,"-----BEGIN PUBLIC KEY-----
MFkwEwYHKoZIzj0CAQYIKoZIzj0DAQcDQgAEHNXaCzEto2Z7JpLDduvCx/0wj8Cx
J25Fpo6jpd4QpU9OBdsBgh4srdpAYvAXgbjICFzHWW3L37HA14WiDMIFKQ==
-----END PUBLIC KEY-----
"
47,"-----BEGIN PUBLIC KEY-----
MFkwEwYHKoZIzj0CAQYIKoZIzj0DAQcDQgAE+eZf/vvdyLqu3nyVAW2KkhB23edc
VrpmMA7hFBSBHM23SpdCkMcmGzja5VLNI2Feu0MGInBSu/UAvan9bSN4Dg==
-----END PUBLIC KEY-----
"
48,"-----BEGIN PUBLIC KEY-----
MFkwEwYHKoZIzj0CAQYIKoZIzj0DAQcDQgAEhKdkgG+UHJ5Bc8e6eRge2yerG2Bn
tMbNILmihnRHMpdxyw4LaYOZ08zBmjVRZIh6xtOBevbQlfW+A/6V7GNSEw==
-----END PUBLIC KEY-----
"
49,"-----BEGIN PUBLIC KEY-----
MFkwEwYHKoZIzj0CAQYIKoZIzj0DAQcDQgAEWAZqUk5V1BfiyvjVXGNNr4EqnNLm
EvyZ8sq2BYy2hIbBk4cpUvp+LbiPf1UaA9cB7QMzy7mH/5TWez/1y7pAXA==
-----END PUBLIC KEY-----
"
50,"-----BEGIN PUBLIC KEY-----
MFkwEwYHKoZIzj0CAQYIKoZIzj0DAQcDQgAEP+YHxY59lqHBtHtID6Dt9zKN8dLg
8nxgsunpnj933raTum3n3r/uYRHl0nvQ2ORc0K7+lIoDea/i5wkDodkINA==
-----END PUBLIC KEY-----
"
51,"-----BEGIN PUBLIC KEY-----
MFkwEwYHKoZIzj0CAQYIKoZIzj0DAQcDQgAEAHdy/gfj+q1FREyux9UToEPaL2HU
7FSOhBCV5va+a9JsOB0aF7L6kiker16N8+x0i2gLaXx86tuiq+4vtPzm1g==
-----END PUBLIC KEY-----
"
52,"-----BEGIN PUBLIC KEY-----
MFkwEwYHKoZIzj0CAQYIKoZIzj0DAQcDQgAEOanOUIfL5U82HSM0/pbdAOR+w4s1
DdY6vip9Mdp+I2xBkcmJ9R8tWGd7U8iTRlYQHm09ji3O0+W8cEcIqYbrHQ==
-----END PUBLIC KEY-----
"
53,"-----BEGIN PUBLIC KEY-----
MFkwEwYHKoZIzj0CAQYIKoZIzj0DAQcDQgAEe0kJN6/tgviJie+aeLFt21x7frZI
WJ+y2cgVd8Pl9NJCW2PVDUrQFxv0KeqGehUKpM2z57PzGqv8SUX7rb/0mA==
-----END PUBLIC KEY-----
"
54,"-----BEGIN PUBLIC KEY-----
MFkwEwYHKoZIzj0CAQYIKoZIzj0DAQcDQgAEi4+3AsnKPqTuBXBNLoMfQExcY1Ct
NG6iDETwoGBsbu1VwxJnnHh6Wxx/Tu457FNZVKI0Y/4M5tSJItKdFz1lvw==
-----END PUBLIC KEY-----
"
55,"-----BEGIN PUBLIC KEY-----
MFkwEwYHKoZIzj0CAQYIKoZIzj0DAQcDQgAEGQYH0F9ZQtoDupW3nBEmcy420f2S
0+TM5nfhqppvAmGoBYj+E5dmNI3bXk+pgCy5oWrWHt0NOiez8cNPY4fawg==
-----END PUBLIC KEY-----
"
56,"-----BEGIN PUBLIC KEY-----
MFkwEwYHKoZIzj0CAQYIKoZIzj0DAQcDQgAEnBwsPVHbr0WXqnkWjCCUbT80uioH
xgs2zM/Y3Hy8XzL3xeUGGnUAszaSn0IDD/L1BX4IK8jjQEnbD25c48fXrA==
-----END PUBLIC KEY-----
"
57,"-----BEGIN PUBLIC KEY-----
MFkwEwYHKoZIzj0CAQYIKoZIzj0DAQcDQgAEWl/LTG6vq7U831gwUCqqq8n+QwzX
JGMVj3whL00MwgmbcsNH+Sqz46X9y7cZ5vNab3qJQRLStRhcuLA5Px+fzA==
-----END PUBLIC KEY-----
"
58,"-----BEGIN PUBLIC KEY-----
MFkwEwYHKoZIzj0CAQYIKoZIzj0DAQcDQgAEEMmPhyVzm425AHoeLimJp2WvqvCy
eEOBRQT0Uo1LXaFQIey7n5FPalozQwH6LczVuOfD6WqMyZp3rGatJotnyQ==
-----END PUBLIC KEY-----
"
59,"-----BEGIN PUBLIC KEY-----
MFkwEwYHKoZIzj0CAQYIKoZIzj0DAQcDQgAEQsUX3TuIFUfzuhhsLdJ7TeqBvlR6
PHTupsHWaYXyePcBO13KzNld+zZCt2tYHEIHJs1HeYzCrgEvHNFi+x0ZQA==
-----END PUBLIC KEY-----
"
60,"-----BEGIN PUBLIC KEY-----
MFkwEwYHKoZIzj0CAQYIKoZIzj0DAQcDQgAEvEPAVFPcoWg+7fD9h1pPe3vcxXtm
4wp1RbhpI55hm86Pvyg2OB8edKCNhkKmlKTdD+eWUc3n24AZuejmNxkmRA==
-----END PUBLIC KEY-----
"
61,"-----BEGIN PUBLIC KEY-----
MFkwEwYHKoZIzj0CAQYIKoZIzj0DAQcDQgAER6WiZ+NX7Mu9ctq37yYifv84kUdB
vdlubhy3dD2IG05UNMoZvE3BMiK3MFXa/31W8EbPF7KWFh/dL2/qQW/0fQ==
-----END PUBLIC KEY-----
"
62,"-----BEGIN PUBLIC KEY-----
MFkwEwYHKoZIzj0CAQYIKoZIzj0DAQcDQgAEV/NKODxSNMWgNymfK8ZAS6F8Aceo
HUVmCMSB0U54pcR3Q+q8EBgCz4Ym/gkTJfQB0UkYsCi7Hz2DYhVPW6HOsA==
-----END PUBLIC KEY-----
"
63,"-----BEGIN PUBLIC KEY-----
MFkwEwYHKoZIzj0CAQYIKoZIzj0DAQcDQgAEbLj/Fg7GKiaiRh26jTj7YaR/3Cmn
LqZ4FxZTSvbR178mdbGG3xNIonE7NPx6hr2QZ4HgA26DD848WHHJCDESiw==
-----END PUBLIC KEY-----
"
64,"-----BEGIN PUBLIC KEY-----
MFkwEwYHKoZIzj0CAQYIKoZIzj0DAQcDQgAEeLsaOtWpjnE6amqtDrj1ZVD9BlUU
mtE73pfjII1p4SZEQiqSCA6kpqfL//Z4LVyrARqK9V1bAY6+a6RVKQmUng==
-----END PUBLIC KEY-----
"
